usuario_id,email
173,dictum.sapien.Aenean@a.edu
329,eu.erat@per.co.uk
457,ridiculus@lectus.ca
289,Donec@Nam.edu
437,diam.lorem@Sed.ca
472,aliquam.iaculis.lacus@nisi.org
104,lectus.pede.et@semper.co.uk
512,dui@elitpedemalesuada.com
493,eu.euismod@suscipit.com
241,pede.Praesent@porttitor.co.uk
228,Nam@imperdiet.ca
385,facilisis@sit.org
133,sem.mollis@consectetuermauris.ca
547,dui.Fusce.aliquam@Nulla.co.uk
511,fermentum@Suspendisse.co.uk
437,eu.odio.tristique@tortor.com
567,egestas@lobortis.org
222,lorem.semper.auctor@Crasdolor.ca
410,interdum.feugiat@vitaediamProin.co.uk
396,lacus.Cras@tempusscelerisquelorem.com
401,cursus.purus@cursus.net
315,mauris.aliquam@loremluctusut.edu
346,ipsum@euismodenimEtiam.edu
507,sem@Vivamus.com
308,eu@Nullatincidunt.co.uk
346,vitae@consequatauctor.edu
562,Sed.id@diamDuis.org
449,dolor.dapibus.gravida@eu.net
112,Fusce@mifringillami.co.uk
256,euismod.mauris.eu@adipiscingelit.net
356,Aliquam.adipiscing@sagittisNullam.net
416,nulla@molestiearcu.co.uk
190,egestas.urna@eratinconsectetuer.ca
486,viverra.Donec@ametconsectetuer.co.uk
531,in.dolor@eratVivamus.org
354,cursus@ipsum.net
462,metus@primisin.ca
341,augue.eu.tempor@Integereu.net
541,sem@tellus.net
234,Quisque@euismodenim.edu
488,scelerisque.mollis.Phasellus@etliberoProin.net
358,neque@Duis.com
382,lorem.luctus.ut@duilectus.edu
461,scelerisque.mollis@semperduilectus.net
565,facilisis@Aliquam.ca
101,mauris.blandit@cursuset.edu
379,aliquet@Fusce.org
556,elit.pharetra.ut@dui.ca
447,cursus.purus.Nullam@Nullam.ca
319,dolor.dolor@nislNulla.org
556,Cras.interdum@in.org
209,et@pedePraesent.ca
481,dolor.dolor.tempus@Aliquam.org
173,vulputate.velit@malesuadamalesuada.ca
121,Donec@magnis.ca
190,dui.nec.tempus@at.org
262,elementum.purus.accumsan@eratSednunc.org
471,Quisque.nonummy.ipsum@Nulladignissim.edu
391,et.ultrices.posuere@Lorem.org
462,felis.eget.varius@nonbibendumsed.net
310,rutrum@cursus.edu
523,In.faucibus@nuncIn.net
493,a.odio.semper@temporarcuVestibulum.ca
398,ultrices.iaculis.odio@semperpretium.ca
517,tortor.Integer.aliquam@justoeuarcu.co.uk
592,est.vitae.sodales@purusin.com
499,ridiculus.mus@diamluctus.org
315,dolor@libero.net
298,molestie.arcu@consectetuercursus.com
369,Quisque.tincidunt.pede@Donecvitae.net
594,purus@imperdietullamcorperDuis.net
525,hendrerit.id@variusultrices.edu
244,Duis@ad.ca
481,nisl.Nulla@consectetuercursus.org
251,faucibus.orci@dapibusgravida.ca
391,Nunc.pulvinar@auctorvitaealiquet.net
404,risus@ipsumleo.net
260,vel.venenatis.vel@elitpretium.co.uk
352,Curabitur.vel@dolor.ca
588,ut.mi@ac.ca
113,a.ultricies.adipiscing@necimperdietnec.com
396,vulputate.eu@Duis.org
221,Sed.eu.eros@est.com
438,rutrum.justo.Praesent@loremsemper.co.uk
522,adipiscing.elit.Curabitur@ultricies.edu
432,nisi.a.odio@lacusAliquam.net
499,faucibus@in.ca
404,Fusce@magna.net
526,vulputate.risus.a@porta.org
482,pede.malesuada.vel@ullamcorper.co.uk
182,felis@convallisestvitae.edu
592,eget.ipsum.Donec@utcursusluctus.net
588,torquent.per@Cras.com
163,placerat@placeratorci.net
500,ut@pedeSuspendissedui.ca
532,Aenean.egestas.hendrerit@adipiscing.co.uk
506,Nunc@facilisismagna.edu
201,Donec@tristiquepharetra.org
203,ante.dictum.mi@sodalespurusin.edu
510,massa@augueut.ca