usuario_id,medio_pago_detalle,estado,tipo
101,'{""CreditCard"":{""CardNumber"":210085592835315,""CVV"":315,""Vencimiento"":""04/21""}}',Inactivo,Tarjeta de crédito
102,'{""CreditCard"":{""CardNumber"":210093674075818,""CVV"":818,""Vencimiento"":""04/21""}}',Activo,Tarjeta de crédito
103,'{""CreditCard"":{""CardNumber"":180079510959154,""CVV"":154,""Vencimiento"":""04/21""}}',Activo,Tarjeta de crédito
104,'{""CreditCard"":{""CardNumber"":210002134192881,""CVV"":881,""Vencimiento"":""04/21""}}',Activo,Tarjeta de crédito
105,'{""CreditCard"":{""CardNumber"":210091458510083,""CVV"":83,""Vencimiento"":""04/21""}}',Inactivo,Tarjeta de crédito
106,'{""CreditCard"":{""CardNumber"":180058600433734,""CVV"":734,""Vencimiento"":""04/21""}}',Inactivo,Tarjeta de crédito
107,'{""CreditCard"":{""CardNumber"":180061452606423,""CVV"":423,""Vencimiento"":""04/21""}}',Inactivo,Tarjeta de crédito
108,'{""CreditCard"":{""CardNumber"":180019034816910,""CVV"":910,""Vencimiento"":""04/21""}}',Activo,Tarjeta de crédito
109,'{""CreditCard"":{""CardNumber"":180085197667127,""CVV"":127,""Vencimiento"":""04/21""}}',Activo,Tarjeta de crédito
110,'{""CreditCard"":{""CardNumber"":180075153645449,""CVV"":449,""Vencimiento"":""04/21""}}',Inactivo,Tarjeta de crédito
111,'{""CreditCard"":{""CardNumber"":180023472881311,""CVV"":311,""Vencimiento"":""04/21""}}',Inactivo,Tarjeta de crédito
112,'{""CreditCard"":{""CardNumber"":210034090384913,""CVV"":913,""Vencimiento"":""04/21""}}',Inactivo,Tarjeta de crédito
113,'{""CreditCard"":{""CardNumber"":180021137009823,""CVV"":823,""Vencimiento"":""04/21""}}',Activo,Tarjeta de crédito
114,'{""CreditCard"":{""CardNumber"":180056104702679,""CVV"":679,""Vencimiento"":""04/21""}}',Inactivo,Tarjeta de crédito
115,'{""CreditCard"":{""CardNumber"":210050122920730,""CVV"":730,""Vencimiento"":""04/21""}}',Inactivo,Tarjeta de crédito
116,'{""CreditCard"":{""CardNumber"":210088453166895,""CVV"":895,""Vencimiento"":""04/21""}}',Activo,Tarjeta de crédito
117,'{""CreditCard"":{""CardNumber"":180088678994713,""CVV"":713,""Vencimiento"":""04/21""}}',Inactivo,Tarjeta de crédito
118,'{""CreditCard"":{""CardNumber"":210016849709839,""CVV"":839,""Vencimiento"":""04/21""}}',Inactivo,Tarjeta de crédito
119,'{""CreditCard"":{""CardNumber"":210093151459436,""CVV"":436,""Vencimiento"":""04/21""}}',Inactivo,Tarjeta de crédito
120,'{""CreditCard"":{""CardNumber"":210094103333141,""CVV"":141,""Vencimiento"":""04/21""}}',Activo,Tarjeta de crédito
121,'{""CreditCard"":{""CardNumber"":210074571886697,""CVV"":697,""Vencimiento"":""04/21""}}',Activo,Tarjeta de crédito
122,'{""CreditCard"":{""CardNumber"":210040471237000,""CVV"":0,""Vencimiento"":""04/21""}}',Inactivo,Tarjeta de crédito
123,'{""CreditCard"":{""CardNumber"":180084442854820,""CVV"":820,""Vencimiento"":""04/21""}}',Inactivo,Tarjeta de crédito
124,'{""CreditCard"":{""CardNumber"":210022177571338,""CVV"":338,""Vencimiento"":""04/21""}}',Inactivo,Tarjeta de crédito
125,'{""CreditCard"":{""CardNumber"":210016452290770,""CVV"":770,""Vencimiento"":""04/21""}}',Inactivo,Tarjeta de crédito
126,'{""CreditCard"":{""CardNumber"":180054389424275,""CVV"":275,""Vencimiento"":""04/21""}}',Inactivo,Tarjeta de crédito
127,'{""CreditCard"":{""CardNumber"":180018598052730,""CVV"":730,""Vencimiento"":""04/21""}}',Inactivo,Tarjeta de crédito
128,'{""CreditCard"":{""CardNumber"":180075826441788,""CVV"":788,""Vencimiento"":""04/21""}}',Activo,Tarjeta de crédito
129,'{""CreditCard"":{""CardNumber"":180019965717905,""CVV"":905,""Vencimiento"":""04/21""}}',Activo,Tarjeta de crédito
130,'{""CreditCard"":{""CardNumber"":180027987641607,""CVV"":607,""Vencimiento"":""04/21""}}',Inactivo,Tarjeta de crédito
131,'{""CreditCard"":{""CardNumber"":180010899677125,""CVV"":125,""Vencimiento"":""04/21""}}',Activo,Tarjeta de crédito
132,'{""CreditCard"":{""CardNumber"":210091437517258,""CVV"":258,""Vencimiento"":""04/21""}}',Inactivo,Tarjeta de crédito
133,'{""CreditCard"":{""CardNumber"":210048231245221,""CVV"":221,""Vencimiento"":""04/21""}}',Inactivo,Tarjeta de crédito
134,'{""CreditCard"":{""CardNumber"":210090043862470,""CVV"":470,""Vencimiento"":""04/21""}}',Activo,Tarjeta de crédito
135,'{""CreditCard"":{""CardNumber"":180012553553006,""CVV"":6,""Vencimiento"":""04/21""}}',Inactivo,Tarjeta de crédito
136,'{""CreditCard"":{""CardNumber"":180088118565495,""CVV"":495,""Vencimiento"":""04/21""}}',Inactivo,Tarjeta de crédito
137,'{""CreditCard"":{""CardNumber"":180015353988181,""CVV"":181,""Vencimiento"":""04/21""}}',Inactivo,Tarjeta de crédito
138,'{""CreditCard"":{""CardNumber"":180099589903727,""CVV"":727,""Vencimiento"":""04/21""}}',Inactivo,Tarjeta de crédito
139,'{""CreditCard"":{""CardNumber"":210047425594824,""CVV"":824,""Vencimiento"":""04/21""}}',Inactivo,Tarjeta de crédito
140,'{""CreditCard"":{""CardNumber"":210013210876560,""CVV"":560,""Vencimiento"":""04/21""}}',Activo,Tarjeta de crédito
141,'{""CreditCard"":{""CardNumber"":210016462291446,""CVV"":446,""Vencimiento"":""04/21""}}',Inactivo,Tarjeta de crédito
142,'{""CreditCard"":{""CardNumber"":210055238800213,""CVV"":213,""Vencimiento"":""04/21""}}',Activo,Tarjeta de crédito
143,'{""CreditCard"":{""CardNumber"":180037060486804,""CVV"":804,""Vencimiento"":""04/21""}}',Activo,Tarjeta de crédito
144,'{""CreditCard"":{""CardNumber"":180029720765586,""CVV"":586,""Vencimiento"":""04/21""}}',Inactivo,Tarjeta de crédito
145,'{""CreditCard"":{""CardNumber"":180052869887896,""CVV"":896,""Vencimiento"":""04/21""}}',Activo,Tarjeta de crédito
146,'{""CreditCard"":{""CardNumber"":210032011259214,""CVV"":214,""Vencimiento"":""04/21""}}',Activo,Tarjeta de crédito
147,'{""CreditCard"":{""CardNumber"":210026482569291,""CVV"":291,""Vencimiento"":""04/21""}}',Activo,Tarjeta de crédito
148,'{""CreditCard"":{""CardNumber"":180036546334612,""CVV"":612,""Vencimiento"":""04/21""}}',Inactivo,Tarjeta de crédito
149,'{""CreditCard"":{""CardNumber"":180033364811722,""CVV"":722,""Vencimiento"":""04/21""}}',Inactivo,Tarjeta de crédito
150,'{""CreditCard"":{""CardNumber"":210090598810692,""CVV"":692,""Vencimiento"":""04/21""}}',Activo,Tarjeta de crédito
151,'{""CreditCard"":{""CardNumber"":210071981798264,""CVV"":264,""Vencimiento"":""04/21""}}',Inactivo,Tarjeta de crédito
152,'{""CreditCard"":{""CardNumber"":180071496995443,""CVV"":443,""Vencimiento"":""04/21""}}',Inactivo,Tarjeta de crédito
153,'{""CreditCard"":{""CardNumber"":180085142080541,""CVV"":541,""Vencimiento"":""04/21""}}',Inactivo,Tarjeta de crédito
154,'{""CreditCard"":{""CardNumber"":180061640934463,""CVV"":463,""Vencimiento"":""04/21""}}',Inactivo,Tarjeta de crédito
155,'{""CreditCard"":{""CardNumber"":180053546133399,""CVV"":399,""Vencimiento"":""04/21""}}',Inactivo,Tarjeta de crédito
156,'{""CreditCard"":{""CardNumber"":210040237727245,""CVV"":245,""Vencimiento"":""04/21""}}',Inactivo,Tarjeta de crédito
157,'{""CreditCard"":{""CardNumber"":180022686364262,""CVV"":262,""Vencimiento"":""04/21""}}',Inactivo,Tarjeta de crédito
158,'{""CreditCard"":{""CardNumber"":210071004065618,""CVV"":618,""Vencimiento"":""04/21""}}',Activo,Tarjeta de crédito
159,'{""CreditCard"":{""CardNumber"":180095596404584,""CVV"":584,""Vencimiento"":""04/21""}}',Inactivo,Tarjeta de crédito
160,'{""CreditCard"":{""CardNumber"":180077728204827,""CVV"":827,""Vencimiento"":""04/21""}}',Inactivo,Tarjeta de crédito
161,'{""CreditCard"":{""CardNumber"":210092026762347,""CVV"":347,""Vencimiento"":""04/21""}}',Activo,Tarjeta de crédito
162,'{""CreditCard"":{""CardNumber"":210047960268214,""CVV"":214,""Vencimiento"":""04/21""}}',Inactivo,Tarjeta de crédito
163,'{""CreditCard"":{""CardNumber"":210088638625526,""CVV"":526,""Vencimiento"":""04/21""}}',Activo,Tarjeta de crédito
164,'{""CreditCard"":{""CardNumber"":210087025043236,""CVV"":236,""Vencimiento"":""04/21""}}',Inactivo,Tarjeta de crédito
165,'{""CreditCard"":{""CardNumber"":210012127123447,""CVV"":447,""Vencimiento"":""04/21""}}',Inactivo,Tarjeta de crédito
166,'{""CreditCard"":{""CardNumber"":210043200865976,""CVV"":976,""Vencimiento"":""04/21""}}',Activo,Tarjeta de crédito
167,'{""CreditCard"":{""CardNumber"":180041220953273,""CVV"":273,""Vencimiento"":""04/21""}}',Inactivo,Tarjeta de crédito
168,'{""CreditCard"":{""CardNumber"":210004823806250,""CVV"":250,""Vencimiento"":""04/21""}}',Inactivo,Tarjeta de crédito
169,'{""CreditCard"":{""CardNumber"":180019445127683,""CVV"":683,""Vencimiento"":""04/21""}}',Inactivo,Tarjeta de crédito
170,'{""CreditCard"":{""CardNumber"":210051886638070,""CVV"":56,""Vencimiento"":""04/21""}}',Inactivo,Tarjeta de crédito
171,'{""CreditCard"":{""CardNumber"":180028912574889,""CVV"":889,""Vencimiento"":""04/21""}}',Activo,Tarjeta de crédito
172,'{""CreditCard"":{""CardNumber"":180029667366190,""CVV"":190,""Vencimiento"":""04/21""}}',Activo,Tarjeta de crédito
173,'{""CreditCard"":{""CardNumber"":210053775913846,""CVV"":846,""Vencimiento"":""04/21""}}',Activo,Tarjeta de crédito
174,'{""CreditCard"":{""CardNumber"":210089601851669,""CVV"":669,""Vencimiento"":""04/21""}}',Inactivo,Tarjeta de crédito
175,'{""CreditCard"":{""CardNumber"":210046424271665,""CVV"":665,""Vencimiento"":""04/21""}}',Activo,Tarjeta de crédito
176,'{""CreditCard"":{""CardNumber"":180085495397781,""CVV"":781,""Vencimiento"":""04/21""}}',Activo,Tarjeta de crédito
177,'{""CreditCard"":{""CardNumber"":180057256100910,""CVV"":910,""Vencimiento"":""04/21""}}',Inactivo,Tarjeta de crédito
178,'{""CreditCard"":{""CardNumber"":210071118400826,""CVV"":826,""Vencimiento"":""04/21""}}',Activo,Tarjeta de crédito
179,'{""CreditCard"":{""CardNumber"":210053527021567,""CVV"":567,""Vencimiento"":""04/21""}}',Inactivo,Tarjeta de crédito
180,'{""CreditCard"":{""CardNumber"":210070499756848,""CVV"":848,""Vencimiento"":""04/21""}}',Inactivo,Tarjeta de crédito
181,'{""CreditCard"":{""CardNumber"":180007543647132,""CVV"":132,""Vencimiento"":""04/21""}}',Activo,Tarjeta de crédito
182,'{""CreditCard"":{""CardNumber"":210058841344843,""CVV"":843,""Vencimiento"":""04/21""}}',Inactivo,Tarjeta de crédito
183,'{""CreditCard"":{""CardNumber"":210051444034200,""CVV"":200,""Vencimiento"":""04/21""}}',Activo,Tarjeta de crédito
184,'{""CreditCard"":{""CardNumber"":180008334716904,""CVV"":904,""Vencimiento"":""04/21""}}',Inactivo,Tarjeta de crédito
185,'{""CreditCard"":{""CardNumber"":180063027485663,""CVV"":663,""Vencimiento"":""04/21""}}',Inactivo,Tarjeta de crédito
186,'{""CreditCard"":{""CardNumber"":180078645218338,""CVV"":338,""Vencimiento"":""04/21""}}',Activo,Tarjeta de crédito
187,'{""CreditCard"":{""CardNumber"":180009415415432,""CVV"":432,""Vencimiento"":""04/21""}}',Activo,Tarjeta de crédito
188,'{""CreditCard"":{""CardNumber"":210028757371700,""CVV"":700,""Vencimiento"":""04/21""}}',Activo,Tarjeta de crédito
189,'{""CreditCard"":{""CardNumber"":180034847687788,""CVV"":788,""Vencimiento"":""04/21""}}',Inactivo,Tarjeta de crédito
190,'{""CreditCard"":{""CardNumber"":210055877138685,""CVV"":685,""Vencimiento"":""04/21""}}',Activo,Tarjeta de crédito
191,'{""CreditCard"":{""CardNumber"":180036896152507,""CVV"":507,""Vencimiento"":""04/21""}}',Inactivo,Tarjeta de crédito
192,'{""CreditCard"":{""CardNumber"":210032564595352,""CVV"":352,""Vencimiento"":""04/21""}}',Inactivo,Tarjeta de crédito
193,'{""CreditCard"":{""CardNumber"":180010530628784,""CVV"":784,""Vencimiento"":""04/21""}}',Inactivo,Tarjeta de crédito
194,'{""CreditCard"":{""CardNumber"":180090442888627,""CVV"":627,""Vencimiento"":""04/21""}}',Activo,Tarjeta de crédito
195,'{""CreditCard"":{""CardNumber"":210071113792748,""CVV"":748,""Vencimiento"":""04/21""}}',Inactivo,Tarjeta de crédito
196,'{""CreditCard"":{""CardNumber"":180045010370945,""CVV"":945,""Vencimiento"":""04/21""}}',Inactivo,Tarjeta de crédito
197,'{""CreditCard"":{""CardNumber"":180088222799147,""CVV"":147,""Vencimiento"":""04/21""}}',Activo,Tarjeta de crédito
198,'{""CreditCard"":{""CardNumber"":180049402612245,""CVV"":245,""Vencimiento"":""04/21""}}',Activo,Tarjeta de crédito
199,'{""CreditCard"":{""CardNumber"":210005291928641,""CVV"":641,""Vencimiento"":""04/21""}}',Inactivo,Tarjeta de crédito
200,'{""CreditCard"":{""CardNumber"":180061896712126,""CVV"":126,""Vencimiento"":""04/21""}}',Inactivo,Tarjeta de crédito
201,'{""CreditCard"":{""CardNumber"":180062929593749,""CVV"":749,""Vencimiento"":""04/21""}}',Activo,Tarjeta de crédito
202,'{""CreditCard"":{""CardNumber"":180054606772258,""CVV"":258,""Vencimiento"":""04/21""}}',Inactivo,Tarjeta de crédito
203,'{""CreditCard"":{""CardNumber"":180092491169511,""CVV"":511,""Vencimiento"":""04/21""}}',Activo,Tarjeta de crédito
204,'{""CreditCard"":{""CardNumber"":180044173925876,""CVV"":876,""Vencimiento"":""04/21""}}',Activo,Tarjeta de crédito
205,'{""CreditCard"":{""CardNumber"":210027618624919,""CVV"":919,""Vencimiento"":""04/21""}}',Activo,Tarjeta de crédito
206,'{""CreditCard"":{""CardNumber"":210073687533607,""CVV"":607,""Vencimiento"":""04/21""}}',Activo,Tarjeta de crédito
207,'{""CreditCard"":{""CardNumber"":180081864021441,""CVV"":441,""Vencimiento"":""04/21""}}',Activo,Tarjeta de crédito
208,'{""CreditCard"":{""CardNumber"":180000578744429,""CVV"":429,""Vencimiento"":""04/21""}}',Activo,Tarjeta de crédito
209,'{""CreditCard"":{""CardNumber"":210049687217888,""CVV"":888,""Vencimiento"":""04/21""}}',Inactivo,Tarjeta de crédito
210,'{""CreditCard"":{""CardNumber"":180092438260431,""CVV"":431,""Vencimiento"":""04/21""}}',Activo,Tarjeta de crédito
211,'{""CreditCard"":{""CardNumber"":210055247279995,""CVV"":995,""Vencimiento"":""04/21""}}',Inactivo,Tarjeta de crédito
212,'{""CreditCard"":{""CardNumber"":180017657990939,""CVV"":939,""Vencimiento"":""04/21""}}',Activo,Tarjeta de crédito
213,'{""CreditCard"":{""CardNumber"":180016563653789,""CVV"":789,""Vencimiento"":""04/21""}}',Activo,Tarjeta de crédito
214,'{""CreditCard"":{""CardNumber"":210010856275388,""CVV"":388,""Vencimiento"":""04/21""}}',Activo,Tarjeta de crédito
215,'{""CreditCard"":{""CardNumber"":210041493466627,""CVV"":627,""Vencimiento"":""04/21""}}',Inactivo,Tarjeta de crédito
216,'{""CreditCard"":{""CardNumber"":180018187788157,""CVV"":157,""Vencimiento"":""04/21""}}',Inactivo,Tarjeta de crédito
217,'{""CreditCard"":{""CardNumber"":180030308155620,""CVV"":620,""Vencimiento"":""04/21""}}',Activo,Tarjeta de crédito
218,'{""CreditCard"":{""CardNumber"":210021653086084,""CVV"":84,""Vencimiento"":""04/21""}}',Activo,Tarjeta de crédito
219,'{""CreditCard"":{""CardNumber"":180050779717633,""CVV"":633,""Vencimiento"":""04/21""}}',Activo,Tarjeta de crédito
220,'{""CreditCard"":{""CardNumber"":210009471515236,""CVV"":236,""Vencimiento"":""04/21""}}',Activo,Tarjeta de crédito
221,'{""CreditCard"":{""CardNumber"":180056295571776,""CVV"":776,""Vencimiento"":""04/21""}}',Inactivo,Tarjeta de crédito
222,'{""CreditCard"":{""CardNumber"":210003519628820,""CVV"":820,""Vencimiento"":""04/21""}}',Activo,Tarjeta de crédito
223,'{""CreditCard"":{""CardNumber"":210034267788342,""CVV"":342,""Vencimiento"":""04/21""}}',Inactivo,Tarjeta de crédito
224,'{""CreditCard"":{""CardNumber"":180081191047796,""CVV"":796,""Vencimiento"":""04/21""}}',Activo,Tarjeta de crédito
225,'{""CreditCard"":{""CardNumber"":180055039338674,""CVV"":674,""Vencimiento"":""04/21""}}',Activo,Tarjeta de crédito
226,'{""CreditCard"":{""CardNumber"":180035092144912,""CVV"":912,""Vencimiento"":""04/21""}}',Activo,Tarjeta de crédito
227,'{""CreditCard"":{""CardNumber"":180038619775176,""CVV"":176,""Vencimiento"":""04/21""}}',Activo,Tarjeta de crédito
228,'{""CreditCard"":{""CardNumber"":180015443020805,""CVV"":805,""Vencimiento"":""04/21""}}',Activo,Tarjeta de crédito
229,'{""CreditCard"":{""CardNumber"":180066456829517,""CVV"":517,""Vencimiento"":""04/21""}}',Inactivo,Tarjeta de crédito
230,'{""CreditCard"":{""CardNumber"":210082458465642,""CVV"":642,""Vencimiento"":""04/21""}}',Inactivo,Tarjeta de crédito
231,'{""CreditCard"":{""CardNumber"":210055475088977,""CVV"":977,""Vencimiento"":""04/21""}}',Activo,Tarjeta de crédito
232,'{""CreditCard"":{""CardNumber"":210086325236854,""CVV"":854,""Vencimiento"":""04/21""}}',Activo,Tarjeta de crédito
233,'{""CreditCard"":{""CardNumber"":180009811710287,""CVV"":287,""Vencimiento"":""04/21""}}',Inactivo,Tarjeta de crédito
234,'{""CreditCard"":{""CardNumber"":180040953816392,""CVV"":392,""Vencimiento"":""04/21""}}',Activo,Tarjeta de crédito
235,'{""CreditCard"":{""CardNumber"":180048725819982,""CVV"":982,""Vencimiento"":""04/21""}}',Activo,Tarjeta de crédito
236,'{""CreditCard"":{""CardNumber"":210087025142574,""CVV"":574,""Vencimiento"":""04/21""}}',Activo,Tarjeta de crédito
237,'{""CreditCard"":{""CardNumber"":210010920878472,""CVV"":472,""Vencimiento"":""04/21""}}',Inactivo,Tarjeta de crédito
238,'{""CreditCard"":{""CardNumber"":180040945415535,""CVV"":535,""Vencimiento"":""04/21""}}',Inactivo,Tarjeta de crédito
239,'{""CreditCard"":{""CardNumber"":180006480913382,""CVV"":382,""Vencimiento"":""04/21""}}',Activo,Tarjeta de crédito
240,'{""CreditCard"":{""CardNumber"":180055308459888,""CVV"":888,""Vencimiento"":""04/21""}}',Activo,Tarjeta de crédito
241,'{""CreditCard"":{""CardNumber"":180056028541252,""CVV"":252,""Vencimiento"":""04/21""}}',Activo,Tarjeta de crédito
242,'{""CreditCard"":{""CardNumber"":180033149761838,""CVV"":838,""Vencimiento"":""04/21""}}',Activo,Tarjeta de crédito
243,'{""CreditCard"":{""CardNumber"":180074477457599,""CVV"":599,""Vencimiento"":""04/21""}}',Activo,Tarjeta de crédito
244,'{""CreditCard"":{""CardNumber"":180085483207919,""CVV"":919,""Vencimiento"":""04/21""}}',Inactivo,Tarjeta de crédito
245,'{""CreditCard"":{""CardNumber"":210021075504144,""CVV"":144,""Vencimiento"":""04/21""}}',Activo,Tarjeta de crédito
246,'{""CreditCard"":{""CardNumber"":180080787785181,""CVV"":181,""Vencimiento"":""04/21""}}',Activo,Tarjeta de crédito
247,'{""CreditCard"":{""CardNumber"":210062927800074,""CVV"":60,""Vencimiento"":""04/21""}}',Activo,Tarjeta de crédito
248,'{""CreditCard"":{""CardNumber"":180001920364882,""CVV"":882,""Vencimiento"":""04/21""}}',Inactivo,Tarjeta de crédito
249,'{""CreditCard"":{""CardNumber"":210042225456670,""CVV"":670,""Vencimiento"":""04/21""}}',Inactivo,Tarjeta de crédito
250,'{""CreditCard"":{""CardNumber"":180094931621051,""CVV"":41,""Vencimiento"":""04/21""}}',Inactivo,Tarjeta de crédito
251,'{""CreditCard"":{""CardNumber"":180063479976805,""CVV"":805,""Vencimiento"":""04/21""}}',Inactivo,Tarjeta de crédito
252,'{""CreditCard"":{""CardNumber"":210098426423083,""CVV"":83,""Vencimiento"":""04/21""}}',Activo,Tarjeta de crédito
253,'{""CreditCard"":{""CardNumber"":180018077088056,""CVV"":46,""Vencimiento"":""04/21""}}',Inactivo,Tarjeta de crédito
254,'{""CreditCard"":{""CardNumber"":180092485779069,""CVV"":69,""Vencimiento"":""04/21""}}',Activo,Tarjeta de crédito
255,'{""CreditCard"":{""CardNumber"":180070889713546,""CVV"":546,""Vencimiento"":""04/21""}}',Inactivo,Tarjeta de crédito
256,'{""CreditCard"":{""CardNumber"":180060014548115,""CVV"":115,""Vencimiento"":""04/21""}}',Inactivo,Tarjeta de crédito
257,'{""CreditCard"":{""CardNumber"":180046704331813,""CVV"":813,""Vencimiento"":""04/21""}}',Inactivo,Tarjeta de crédito
258,'{""CreditCard"":{""CardNumber"":210077220030237,""CVV"":237,""Vencimiento"":""04/21""}}',Activo,Tarjeta de crédito
259,'{""CreditCard"":{""CardNumber"":180031100400594,""CVV"":594,""Vencimiento"":""04/21""}}',Inactivo,Tarjeta de crédito
260,'{""CreditCard"":{""CardNumber"":180045486097931,""CVV"":931,""Vencimiento"":""04/21""}}',Inactivo,Tarjeta de crédito
261,'{""CreditCard"":{""CardNumber"":180076555558602,""CVV"":602,""Vencimiento"":""04/21""}}',Activo,Tarjeta de crédito
262,'{""CreditCard"":{""CardNumber"":180005600702956,""CVV"":956,""Vencimiento"":""04/21""}}',Activo,Tarjeta de crédito
263,'{""CreditCard"":{""CardNumber"":210033463639309,""CVV"":309,""Vencimiento"":""04/21""}}',Activo,Tarjeta de crédito
264,'{""CreditCard"":{""CardNumber"":180045773204638,""CVV"":638,""Vencimiento"":""04/21""}}',Inactivo,Tarjeta de crédito
265,'{""CreditCard"":{""CardNumber"":210012999209910,""CVV"":910,""Vencimiento"":""04/21""}}',Activo,Tarjeta de crédito
266,'{""CreditCard"":{""CardNumber"":210050785312712,""CVV"":712,""Vencimiento"":""04/21""}}',Activo,Tarjeta de crédito
267,'{""CreditCard"":{""CardNumber"":180032783579142,""CVV"":142,""Vencimiento"":""04/21""}}',Activo,Tarjeta de crédito
268,'{""CreditCard"":{""CardNumber"":210074027237800,""CVV"":800,""Vencimiento"":""04/21""}}',Inactivo,Tarjeta de crédito
269,'{""CreditCard"":{""CardNumber"":210060564086585,""CVV"":585,""Vencimiento"":""04/21""}}',Activo,Tarjeta de crédito
270,'{""CreditCard"":{""CardNumber"":180089202371600,""CVV"":600,""Vencimiento"":""04/21""}}',Inactivo,Tarjeta de crédito
271,'{""CreditCard"":{""CardNumber"":210075388260257,""CVV"":257,""Vencimiento"":""04/21""}}',Inactivo,Tarjeta de crédito
272,'{""CreditCard"":{""CardNumber"":180095611402266,""CVV"":266,""Vencimiento"":""04/21""}}',Inactivo,Tarjeta de crédito
273,'{""CreditCard"":{""CardNumber"":180013267413479,""CVV"":479,""Vencimiento"":""04/21""}}',Inactivo,Tarjeta de crédito
274,'{""CreditCard"":{""CardNumber"":180041646338273,""CVV"":273,""Vencimiento"":""04/21""}}',Activo,Tarjeta de crédito
275,'{""CreditCard"":{""CardNumber"":210022550646475,""CVV"":475,""Vencimiento"":""04/21""}}',Activo,Tarjeta de crédito
276,'{""CreditCard"":{""CardNumber"":210067935592076,""CVV"":62,""Vencimiento"":""04/21""}}',Inactivo,Tarjeta de crédito
277,'{""CreditCard"":{""CardNumber"":180058614896264,""CVV"":264,""Vencimiento"":""04/21""}}',Activo,Tarjeta de crédito
278,'{""CreditCard"":{""CardNumber"":180028078508523,""CVV"":523,""Vencimiento"":""04/21""}}',Inactivo,Tarjeta de crédito
279,'{""CreditCard"":{""CardNumber"":180086874344444,""CVV"":444,""Vencimiento"":""04/21""}}',Activo,Tarjeta de crédito
280,'{""CreditCard"":{""CardNumber"":210004316322898,""CVV"":898,""Vencimiento"":""04/21""}}',Activo,Tarjeta de crédito
281,'{""CreditCard"":{""CardNumber"":210053243541286,""CVV"":286,""Vencimiento"":""04/21""}}',Activo,Tarjeta de crédito
282,'{""CreditCard"":{""CardNumber"":210047906526774,""CVV"":774,""Vencimiento"":""04/21""}}',Inactivo,Tarjeta de crédito
283,'{""CreditCard"":{""CardNumber"":210009285768807,""CVV"":807,""Vencimiento"":""04/21""}}',Activo,Tarjeta de crédito
284,'{""CreditCard"":{""CardNumber"":210064201675222,""CVV"":222,""Vencimiento"":""04/21""}}',Inactivo,Tarjeta de crédito
285,'{""CreditCard"":{""CardNumber"":210039679136220,""CVV"":220,""Vencimiento"":""04/21""}}',Activo,Tarjeta de crédito
286,'{""CreditCard"":{""CardNumber"":210084401305958,""CVV"":958,""Vencimiento"":""04/21""}}',Activo,Tarjeta de crédito
287,'{""CreditCard"":{""CardNumber"":210096371894944,""CVV"":944,""Vencimiento"":""04/21""}}',Inactivo,Tarjeta de crédito
288,'{""CreditCard"":{""CardNumber"":210021276091677,""CVV"":677,""Vencimiento"":""04/21""}}',Activo,Tarjeta de crédito
289,'{""CreditCard"":{""CardNumber"":210006981872370,""CVV"":370,""Vencimiento"":""04/21""}}',Activo,Tarjeta de crédito
290,'{""CreditCard"":{""CardNumber"":210017095103495,""CVV"":495,""Vencimiento"":""04/21""}}',Inactivo,Tarjeta de crédito
291,'{""CreditCard"":{""CardNumber"":210091013055392,""CVV"":392,""Vencimiento"":""04/21""}}',Activo,Tarjeta de crédito
292,'{""CreditCard"":{""CardNumber"":180037782149037,""CVV"":31,""Vencimiento"":""04/21""}}',Activo,Tarjeta de crédito
293,'{""CreditCard"":{""CardNumber"":180052419320398,""CVV"":398,""Vencimiento"":""04/21""}}',Inactivo,Tarjeta de crédito
294,'{""CreditCard"":{""CardNumber"":180008524938011,""CVV"":9,""Vencimiento"":""04/21""}}',Activo,Tarjeta de crédito
295,'{""CreditCard"":{""CardNumber"":180055907496935,""CVV"":935,""Vencimiento"":""04/21""}}',Activo,Tarjeta de crédito
296,'{""CreditCard"":{""CardNumber"":180075378067544,""CVV"":544,""Vencimiento"":""04/21""}}',Inactivo,Tarjeta de crédito
297,'{""CreditCard"":{""CardNumber"":180084217298211,""CVV"":211,""Vencimiento"":""04/21""}}',Inactivo,Tarjeta de crédito
298,'{""CreditCard"":{""CardNumber"":180053309383660,""CVV"":660,""Vencimiento"":""04/21""}}',Activo,Tarjeta de crédito
299,'{""CreditCard"":{""CardNumber"":210077271845640,""CVV"":640,""Vencimiento"":""04/21""}}',Inactivo,Tarjeta de crédito
300,'{""CreditCard"":{""CardNumber"":210036415458611,""CVV"":611,""Vencimiento"":""04/21""}}',Inactivo,Tarjeta de crédito
301,'{""CreditCard"":{""CardNumber"":210005614042203,""CVV"":203,""Vencimiento"":""04/21""}}',Inactivo,Tarjeta de crédito
302,'{""CreditCard"":{""CardNumber"":180098950441622,""CVV"":622,""Vencimiento"":""04/21""}}',Inactivo,Tarjeta de crédito
303,'{""CreditCard"":{""CardNumber"":180042464049323,""CVV"":323,""Vencimiento"":""04/21""}}',Activo,Tarjeta de crédito
304,'{""CreditCard"":{""CardNumber"":180069603516151,""CVV"":151,""Vencimiento"":""04/21""}}',Inactivo,Tarjeta de crédito
305,'{""CreditCard"":{""CardNumber"":180082880308390,""CVV"":390,""Vencimiento"":""04/21""}}',Inactivo,Tarjeta de crédito
306,'{""CreditCard"":{""CardNumber"":210051495503616,""CVV"":616,""Vencimiento"":""04/21""}}',Inactivo,Tarjeta de crédito
307,'{""CreditCard"":{""CardNumber"":210052676863654,""CVV"":654,""Vencimiento"":""04/21""}}',Activo,Tarjeta de crédito
308,'{""CreditCard"":{""CardNumber"":210018946666672,""CVV"":672,""Vencimiento"":""04/21""}}',Activo,Tarjeta de crédito
309,'{""CreditCard"":{""CardNumber"":180054327677158,""CVV"":158,""Vencimiento"":""04/21""}}',Activo,Tarjeta de crédito
310,'{""CreditCard"":{""CardNumber"":180096920920030,""CVV"":24,""Vencimiento"":""04/21""}}',Inactivo,Tarjeta de crédito
311,'{""CreditCard"":{""CardNumber"":180026237702136,""CVV"":136,""Vencimiento"":""04/21""}}',Activo,Tarjeta de crédito
312,'{""CreditCard"":{""CardNumber"":180031194451495,""CVV"":495,""Vencimiento"":""04/21""}}',Activo,Tarjeta de crédito
313,'{""CreditCard"":{""CardNumber"":210054186769371,""CVV"":371,""Vencimiento"":""04/21""}}',Inactivo,Tarjeta de crédito
314,'{""CreditCard"":{""CardNumber"":210079556601631,""CVV"":631,""Vencimiento"":""04/21""}}',Activo,Tarjeta de crédito
315,'{""CreditCard"":{""CardNumber"":210066267261334,""CVV"":334,""Vencimiento"":""04/21""}}',Activo,Tarjeta de crédito
316,'{""CreditCard"":{""CardNumber"":180092077936002,""CVV"":2,""Vencimiento"":""04/21""}}',Inactivo,Tarjeta de crédito
317,'{""CreditCard"":{""CardNumber"":210005032130473,""CVV"":473,""Vencimiento"":""04/21""}}',Activo,Tarjeta de crédito
318,'{""CreditCard"":{""CardNumber"":180049266179844,""CVV"":844,""Vencimiento"":""04/21""}}',Inactivo,Tarjeta de crédito
319,'{""CreditCard"":{""CardNumber"":210025977797102,""CVV"":102,""Vencimiento"":""04/21""}}',Activo,Tarjeta de crédito
320,'{""CreditCard"":{""CardNumber"":180072776916299,""CVV"":299,""Vencimiento"":""04/21""}}',Activo,Tarjeta de crédito
321,'{""CreditCard"":{""CardNumber"":180087138150155,""CVV"":155,""Vencimiento"":""04/21""}}',Inactivo,Tarjeta de crédito
322,'{""CreditCard"":{""CardNumber"":180081070339009,""CVV"":9,""Vencimiento"":""04/21""}}',Activo,Tarjeta de crédito
323,'{""CreditCard"":{""CardNumber"":210042473035465,""CVV"":465,""Vencimiento"":""04/21""}}',Inactivo,Tarjeta de crédito
324,'{""CreditCard"":{""CardNumber"":210006020150846,""CVV"":846,""Vencimiento"":""04/21""}}',Activo,Tarjeta de crédito
325,'{""CreditCard"":{""CardNumber"":210074085353317,""CVV"":317,""Vencimiento"":""04/21""}}',Inactivo,Tarjeta de crédito
326,'{""CreditCard"":{""CardNumber"":180085824682374,""CVV"":374,""Vencimiento"":""04/21""}}',Inactivo,Tarjeta de crédito
327,'{""CreditCard"":{""CardNumber"":210064706598077,""CVV"":63,""Vencimiento"":""04/21""}}',Inactivo,Tarjeta de crédito
328,'{""CreditCard"":{""CardNumber"":210075582920763,""CVV"":763,""Vencimiento"":""04/21""}}',Activo,Tarjeta de crédito
329,'{""CreditCard"":{""CardNumber"":180012443909814,""CVV"":814,""Vencimiento"":""04/21""}}',Inactivo,Tarjeta de crédito
330,'{""CreditCard"":{""CardNumber"":210014775013862,""CVV"":862,""Vencimiento"":""04/21""}}',Inactivo,Tarjeta de crédito
331,'{""CreditCard"":{""CardNumber"":210059424286781,""CVV"":781,""Vencimiento"":""04/21""}}',Activo,Tarjeta de crédito
332,'{""CreditCard"":{""CardNumber"":210095968527727,""CVV"":727,""Vencimiento"":""04/21""}}',Inactivo,Tarjeta de crédito
333,'{""CreditCard"":{""CardNumber"":180083676392606,""CVV"":606,""Vencimiento"":""04/21""}}',Activo,Tarjeta de crédito
334,'{""CreditCard"":{""CardNumber"":180041706497548,""CVV"":548,""Vencimiento"":""04/21""}}',Inactivo,Tarjeta de crédito
335,'{""CreditCard"":{""CardNumber"":180023411915022,""CVV"":18,""Vencimiento"":""04/21""}}',Activo,Tarjeta de crédito
336,'{""CreditCard"":{""CardNumber"":180060884218096,""CVV"":96,""Vencimiento"":""04/21""}}',Inactivo,Tarjeta de crédito
337,'{""CreditCard"":{""CardNumber"":180074011877419,""CVV"":419,""Vencimiento"":""04/21""}}',Activo,Tarjeta de crédito
338,'{""CreditCard"":{""CardNumber"":180074553769024,""CVV"":20,""Vencimiento"":""04/21""}}',Inactivo,Tarjeta de crédito
339,'{""CreditCard"":{""CardNumber"":210060637493156,""CVV"":156,""Vencimiento"":""04/21""}}',Inactivo,Tarjeta de crédito
340,'{""CreditCard"":{""CardNumber"":180065663329543,""CVV"":543,""Vencimiento"":""04/21""}}',Activo,Tarjeta de crédito
341,'{""CreditCard"":{""CardNumber"":210021791705041,""CVV"":33,""Vencimiento"":""04/21""}}',Activo,Tarjeta de crédito
342,'{""CreditCard"":{""CardNumber"":180057536670146,""CVV"":146,""Vencimiento"":""04/21""}}',Activo,Tarjeta de crédito
343,'{""CreditCard"":{""CardNumber"":180061976671358,""CVV"":358,""Vencimiento"":""04/21""}}',Inactivo,Tarjeta de crédito
344,'{""CreditCard"":{""CardNumber"":210022762018125,""CVV"":125,""Vencimiento"":""04/21""}}',Activo,Tarjeta de crédito
345,'{""CreditCard"":{""CardNumber"":180024371005002,""CVV"":2,""Vencimiento"":""04/21""}}',Activo,Tarjeta de crédito
346,'{""CreditCard"":{""CardNumber"":180099499383127,""CVV"":127,""Vencimiento"":""04/21""}}',Inactivo,Tarjeta de crédito
347,'{""CreditCard"":{""CardNumber"":210011607333633,""CVV"":633,""Vencimiento"":""04/21""}}',Inactivo,Tarjeta de crédito
348,'{""CreditCard"":{""CardNumber"":210000384387581,""CVV"":581,""Vencimiento"":""04/21""}}',Inactivo,Tarjeta de crédito
349,'{""CreditCard"":{""CardNumber"":180032343343161,""CVV"":161,""Vencimiento"":""04/21""}}',Inactivo,Tarjeta de crédito
350,'{""CreditCard"":{""CardNumber"":180049109362904,""CVV"":904,""Vencimiento"":""04/21""}}',Activo,Tarjeta de crédito
351,'{""CreditCard"":{""CardNumber"":180079225571757,""CVV"":757,""Vencimiento"":""04/21""}}',Activo,Tarjeta de crédito
352,'{""CreditCard"":{""CardNumber"":210060846959070,""CVV"":56,""Vencimiento"":""04/21""}}',Activo,Tarjeta de crédito
353,'{""CreditCard"":{""CardNumber"":180013085328982,""CVV"":982,""Vencimiento"":""04/21""}}',Inactivo,Tarjeta de crédito
354,'{""CreditCard"":{""CardNumber"":180011963423552,""CVV"":552,""Vencimiento"":""04/21""}}',Inactivo,Tarjeta de crédito
355,'{""CreditCard"":{""CardNumber"":180017319812653,""CVV"":653,""Vencimiento"":""04/21""}}',Activo,Tarjeta de crédito
356,'{""CreditCard"":{""CardNumber"":210021718082839,""CVV"":839,""Vencimiento"":""04/21""}}',Activo,Tarjeta de crédito
357,'{""CreditCard"":{""CardNumber"":180085454640536,""CVV"":536,""Vencimiento"":""04/21""}}',Activo,Tarjeta de crédito
358,'{""CreditCard"":{""CardNumber"":180091632912573,""CVV"":573,""Vencimiento"":""04/21""}}',Activo,Tarjeta de crédito
359,'{""CreditCard"":{""CardNumber"":210022551732498,""CVV"":498,""Vencimiento"":""04/21""}}',Activo,Tarjeta de crédito
360,'{""CreditCard"":{""CardNumber"":180064391822895,""CVV"":895,""Vencimiento"":""04/21""}}',Activo,Tarjeta de crédito
361,'{""CreditCard"":{""CardNumber"":210018413909860,""CVV"":860,""Vencimiento"":""04/21""}}',Activo,Tarjeta de crédito
362,'{""CreditCard"":{""CardNumber"":210044514467665,""CVV"":665,""Vencimiento"":""04/21""}}',Activo,Tarjeta de crédito
363,'{""CreditCard"":{""CardNumber"":180061285997361,""CVV"":361,""Vencimiento"":""04/21""}}',Activo,Tarjeta de crédito
364,'{""CreditCard"":{""CardNumber"":180012164337864,""CVV"":864,""Vencimiento"":""04/21""}}',Activo,Tarjeta de crédito
365,'{""CreditCard"":{""CardNumber"":210048563531305,""CVV"":305,""Vencimiento"":""04/21""}}',Activo,Tarjeta de crédito
366,'{""CreditCard"":{""CardNumber"":210008207789842,""CVV"":842,""Vencimiento"":""04/21""}}',Inactivo,Tarjeta de crédito
367,'{""CreditCard"":{""CardNumber"":210047996578883,""CVV"":883,""Vencimiento"":""04/21""}}',Activo,Tarjeta de crédito
368,'{""CreditCard"":{""CardNumber"":210004409381868,""CVV"":868,""Vencimiento"":""04/21""}}',Activo,Tarjeta de crédito
369,'{""CreditCard"":{""CardNumber"":180032919629340,""CVV"":340,""Vencimiento"":""04/21""}}',Inactivo,Tarjeta de crédito
370,'{""CreditCard"":{""CardNumber"":180044827329392,""CVV"":392,""Vencimiento"":""04/21""}}',Activo,Tarjeta de crédito
371,'{""CreditCard"":{""CardNumber"":210074253687553,""CVV"":553,""Vencimiento"":""04/21""}}',Activo,Tarjeta de crédito
372,'{""CreditCard"":{""CardNumber"":210065760439314,""CVV"":314,""Vencimiento"":""04/21""}}',Activo,Tarjeta de crédito
373,'{""CreditCard"":{""CardNumber"":180097853444865,""CVV"":865,""Vencimiento"":""04/21""}}',Activo,Tarjeta de crédito
374,'{""CreditCard"":{""CardNumber"":210037428267817,""CVV"":817,""Vencimiento"":""04/21""}}',Activo,Tarjeta de crédito
375,'{""CreditCard"":{""CardNumber"":210030520021562,""CVV"":562,""Vencimiento"":""04/21""}}',Activo,Tarjeta de crédito
376,'{""CreditCard"":{""CardNumber"":180079620176517,""CVV"":517,""Vencimiento"":""04/21""}}',Inactivo,Tarjeta de crédito
377,'{""CreditCard"":{""CardNumber"":210017775277072,""CVV"":58,""Vencimiento"":""04/21""}}',Activo,Tarjeta de crédito
378,'{""CreditCard"":{""CardNumber"":210056441836507,""CVV"":507,""Vencimiento"":""04/21""}}',Activo,Tarjeta de crédito
379,'{""CreditCard"":{""CardNumber"":180018197812468,""CVV"":468,""Vencimiento"":""04/21""}}',Activo,Tarjeta de crédito
380,'{""CreditCard"":{""CardNumber"":210056449486156,""CVV"":156,""Vencimiento"":""04/21""}}',Inactivo,Tarjeta de crédito
381,'{""CreditCard"":{""CardNumber"":210056732000086,""CVV"":86,""Vencimiento"":""04/21""}}',Activo,Tarjeta de crédito
382,'{""CreditCard"":{""CardNumber"":210097033282387,""CVV"":387,""Vencimiento"":""04/21""}}',Inactivo,Tarjeta de crédito
383,'{""CreditCard"":{""CardNumber"":210079793672676,""CVV"":676,""Vencimiento"":""04/21""}}',Activo,Tarjeta de crédito
384,'{""CreditCard"":{""CardNumber"":180060482799679,""CVV"":679,""Vencimiento"":""04/21""}}',Inactivo,Tarjeta de crédito
385,'{""CreditCard"":{""CardNumber"":210076809437292,""CVV"":292,""Vencimiento"":""04/21""}}',Activo,Tarjeta de crédito
386,'{""CreditCard"":{""CardNumber"":180075084563000,""CVV"":0,""Vencimiento"":""04/21""}}',Inactivo,Tarjeta de crédito
387,'{""CreditCard"":{""CardNumber"":210008973198723,""CVV"":723,""Vencimiento"":""04/21""}}',Activo,Tarjeta de crédito
388,'{""CreditCard"":{""CardNumber"":210067559173963,""CVV"":963,""Vencimiento"":""04/21""}}',Inactivo,Tarjeta de crédito
389,'{""CreditCard"":{""CardNumber"":180016005758576,""CVV"":576,""Vencimiento"":""04/21""}}',Activo,Tarjeta de crédito
390,'{""CreditCard"":{""CardNumber"":210078001639980,""CVV"":980,""Vencimiento"":""04/21""}}',Activo,Tarjeta de crédito
391,'{""CreditCard"":{""CardNumber"":210034894890172,""CVV"":172,""Vencimiento"":""04/21""}}',Activo,Tarjeta de crédito
392,'{""CreditCard"":{""CardNumber"":210019896477615,""CVV"":615,""Vencimiento"":""04/21""}}',Activo,Tarjeta de crédito
393,'{""CreditCard"":{""CardNumber"":210069032569932,""CVV"":932,""Vencimiento"":""04/21""}}',Inactivo,Tarjeta de crédito
394,'{""CreditCard"":{""CardNumber"":180017032371433,""CVV"":433,""Vencimiento"":""04/21""}}',Inactivo,Tarjeta de crédito
395,'{""CreditCard"":{""CardNumber"":180041323842399,""CVV"":399,""Vencimiento"":""04/21""}}',Activo,Tarjeta de crédito
396,'{""CreditCard"":{""CardNumber"":210036534302682,""CVV"":682,""Vencimiento"":""04/21""}}',Inactivo,Tarjeta de crédito
397,'{""CreditCard"":{""CardNumber"":210002237103991,""CVV"":991,""Vencimiento"":""04/21""}}',Activo,Tarjeta de crédito
398,'{""CreditCard"":{""CardNumber"":180037136197559,""CVV"":559,""Vencimiento"":""04/21""}}',Inactivo,Tarjeta de crédito
399,'{""CreditCard"":{""CardNumber"":210055729685909,""CVV"":909,""Vencimiento"":""04/21""}}',Inactivo,Tarjeta de crédito
400,'{""CreditCard"":{""CardNumber"":180094674610550,""CVV"":550,""Vencimiento"":""04/21""}}',Inactivo,Tarjeta de crédito
401,'{""CreditCard"":{""CardNumber"":210050449889758,""CVV"":758,""Vencimiento"":""04/21""}}',Inactivo,Tarjeta de crédito
402,'{""CreditCard"":{""CardNumber"":180041041827128,""CVV"":128,""Vencimiento"":""04/21""}}',Inactivo,Tarjeta de crédito
403,'{""CreditCard"":{""CardNumber"":210024345018465,""CVV"":465,""Vencimiento"":""04/21""}}',Activo,Tarjeta de crédito
404,'{""CreditCard"":{""CardNumber"":210022629419938,""CVV"":938,""Vencimiento"":""04/21""}}',Activo,Tarjeta de crédito
405,'{""CreditCard"":{""CardNumber"":210037579389097,""CVV"":97,""Vencimiento"":""04/21""}}',Inactivo,Tarjeta de crédito
406,'{""CreditCard"":{""CardNumber"":210033727946490,""CVV"":490,""Vencimiento"":""04/21""}}',Activo,Tarjeta de crédito
407,'{""CreditCard"":{""CardNumber"":180040243465760,""CVV"":760,""Vencimiento"":""04/21""}}',Activo,Tarjeta de crédito
408,'{""CreditCard"":{""CardNumber"":210045756643194,""CVV"":194,""Vencimiento"":""04/21""}}',Inactivo,Tarjeta de crédito
409,'{""CreditCard"":{""CardNumber"":180093908487645,""CVV"":645,""Vencimiento"":""04/21""}}',Activo,Tarjeta de crédito
410,'{""CreditCard"":{""CardNumber"":180038422199291,""CVV"":291,""Vencimiento"":""04/21""}}',Activo,Tarjeta de crédito
411,'{""CreditCard"":{""CardNumber"":180056545830717,""CVV"":717,""Vencimiento"":""04/21""}}',Inactivo,Tarjeta de crédito
412,'{""CreditCard"":{""CardNumber"":210046797307153,""CVV"":153,""Vencimiento"":""04/21""}}',Activo,Tarjeta de crédito
413,'{""CreditCard"":{""CardNumber"":180091159043307,""CVV"":307,""Vencimiento"":""04/21""}}',Inactivo,Tarjeta de crédito
414,'{""CreditCard"":{""CardNumber"":180022358977730,""CVV"":730,""Vencimiento"":""04/21""}}',Activo,Tarjeta de crédito
415,'{""CreditCard"":{""CardNumber"":210034717545805,""CVV"":805,""Vencimiento"":""04/21""}}',Activo,Tarjeta de crédito
416,'{""CreditCard"":{""CardNumber"":210096629621875,""CVV"":875,""Vencimiento"":""04/21""}}',Activo,Tarjeta de crédito
417,'{""CreditCard"":{""CardNumber"":180017853335343,""CVV"":343,""Vencimiento"":""04/21""}}',Inactivo,Tarjeta de crédito
418,'{""CreditCard"":{""CardNumber"":210083900896590,""CVV"":590,""Vencimiento"":""04/21""}}',Activo,Tarjeta de crédito
419,'{""CreditCard"":{""CardNumber"":180032216695499,""CVV"":499,""Vencimiento"":""04/21""}}',Inactivo,Tarjeta de crédito
420,'{""CreditCard"":{""CardNumber"":180066540655837,""CVV"":837,""Vencimiento"":""04/21""}}',Activo,Tarjeta de crédito
421,'{""CreditCard"":{""CardNumber"":180015406339945,""CVV"":945,""Vencimiento"":""04/21""}}',Inactivo,Tarjeta de crédito
422,'{""CreditCard"":{""CardNumber"":210059976527731,""CVV"":731,""Vencimiento"":""04/21""}}',Inactivo,Tarjeta de crédito
423,'{""CreditCard"":{""CardNumber"":210046974640186,""CVV"":186,""Vencimiento"":""04/21""}}',Activo,Tarjeta de crédito
424,'{""CreditCard"":{""CardNumber"":180047301017862,""CVV"":862,""Vencimiento"":""04/21""}}',Activo,Tarjeta de crédito
425,'{""CreditCard"":{""CardNumber"":210039552606125,""CVV"":125,""Vencimiento"":""04/21""}}',Inactivo,Tarjeta de crédito
426,'{""CreditCard"":{""CardNumber"":180044909636862,""CVV"":862,""Vencimiento"":""04/21""}}',Activo,Tarjeta de crédito
427,'{""CreditCard"":{""CardNumber"":180018188716660,""CVV"":660,""Vencimiento"":""04/21""}}',Inactivo,Tarjeta de crédito
428,'{""CreditCard"":{""CardNumber"":210078501066825,""CVV"":825,""Vencimiento"":""04/21""}}',Activo,Tarjeta de crédito
429,'{""CreditCard"":{""CardNumber"":210010311077890,""CVV"":890,""Vencimiento"":""04/21""}}',Inactivo,Tarjeta de crédito
430,'{""CreditCard"":{""CardNumber"":210058390552648,""CVV"":648,""Vencimiento"":""04/21""}}',Activo,Tarjeta de crédito
431,'{""CreditCard"":{""CardNumber"":210010091548334,""CVV"":334,""Vencimiento"":""04/21""}}',Inactivo,Tarjeta de crédito
432,'{""CreditCard"":{""CardNumber"":210034560687365,""CVV"":365,""Vencimiento"":""04/21""}}',Inactivo,Tarjeta de crédito
433,'{""CreditCard"":{""CardNumber"":210020254398153,""CVV"":153,""Vencimiento"":""04/21""}}',Inactivo,Tarjeta de crédito
434,'{""CreditCard"":{""CardNumber"":210067997435412,""CVV"":412,""Vencimiento"":""04/21""}}',Inactivo,Tarjeta de crédito
435,'{""CreditCard"":{""CardNumber"":180078099411702,""CVV"":702,""Vencimiento"":""04/21""}}',Activo,Tarjeta de crédito
436,'{""CreditCard"":{""CardNumber"":180072457976851,""CVV"":851,""Vencimiento"":""04/21""}}',Inactivo,Tarjeta de crédito
437,'{""CreditCard"":{""CardNumber"":180003135291660,""CVV"":660,""Vencimiento"":""04/21""}}',Inactivo,Tarjeta de crédito
438,'{""CreditCard"":{""CardNumber"":210014432653134,""CVV"":134,""Vencimiento"":""04/21""}}',Inactivo,Tarjeta de crédito
439,'{""CreditCard"":{""CardNumber"":210017155910474,""CVV"":474,""Vencimiento"":""04/21""}}',Activo,Tarjeta de crédito
440,'{""CreditCard"":{""CardNumber"":210095043902994,""CVV"":994,""Vencimiento"":""04/21""}}',Activo,Tarjeta de crédito
441,'{""CreditCard"":{""CardNumber"":210038698133994,""CVV"":994,""Vencimiento"":""04/21""}}',Inactivo,Tarjeta de crédito
442,'{""CreditCard"":{""CardNumber"":180064766287146,""CVV"":146,""Vencimiento"":""04/21""}}',Activo,Tarjeta de crédito
443,'{""CreditCard"":{""CardNumber"":210040127030379,""CVV"":379,""Vencimiento"":""04/21""}}',Activo,Tarjeta de crédito
444,'{""CreditCard"":{""CardNumber"":210091465900335,""CVV"":335,""Vencimiento"":""04/21""}}',Inactivo,Tarjeta de crédito
445,'{""CreditCard"":{""CardNumber"":210084858396054,""CVV"":44,""Vencimiento"":""04/21""}}',Inactivo,Tarjeta de crédito
446,'{""CreditCard"":{""CardNumber"":210017395145295,""CVV"":295,""Vencimiento"":""04/21""}}',Activo,Tarjeta de crédito
447,'{""CreditCard"":{""CardNumber"":180040658346919,""CVV"":919,""Vencimiento"":""04/21""}}',Inactivo,Tarjeta de crédito
448,'{""CreditCard"":{""CardNumber"":180041746244165,""CVV"":165,""Vencimiento"":""04/21""}}',Activo,Tarjeta de crédito
449,'{""CreditCard"":{""CardNumber"":210057018197893,""CVV"":893,""Vencimiento"":""04/21""}}',Inactivo,Tarjeta de crédito
450,'{""CreditCard"":{""CardNumber"":180065553072302,""CVV"":302,""Vencimiento"":""04/21""}}',Inactivo,Tarjeta de crédito
451,'{""CreditCard"":{""CardNumber"":180031016703826,""CVV"":826,""Vencimiento"":""04/21""}}',Activo,Tarjeta de crédito
452,'{""CreditCard"":{""CardNumber"":180053621426395,""CVV"":395,""Vencimiento"":""04/21""}}',Inactivo,Tarjeta de crédito
453,'{""CreditCard"":{""CardNumber"":210090917261064,""CVV"":52,""Vencimiento"":""04/21""}}',Activo,Tarjeta de crédito
454,'{""CreditCard"":{""CardNumber"":210077267085169,""CVV"":169,""Vencimiento"":""04/21""}}',Inactivo,Tarjeta de crédito
455,'{""CreditCard"":{""CardNumber"":180099710350251,""CVV"":251,""Vencimiento"":""04/21""}}',Inactivo,Tarjeta de crédito
456,'{""CreditCard"":{""CardNumber"":180019543578589,""CVV"":589,""Vencimiento"":""04/21""}}',Inactivo,Tarjeta de crédito
457,'{""CreditCard"":{""CardNumber"":210002960601724,""CVV"":724,""Vencimiento"":""04/21""}}',Inactivo,Tarjeta de crédito
458,'{""CreditCard"":{""CardNumber"":180038116823891,""CVV"":891,""Vencimiento"":""04/21""}}',Activo,Tarjeta de crédito
459,'{""CreditCard"":{""CardNumber"":210069871118452,""CVV"":452,""Vencimiento"":""04/21""}}',Inactivo,Tarjeta de crédito
460,'{""CreditCard"":{""CardNumber"":180020934724626,""CVV"":626,""Vencimiento"":""04/21""}}',Inactivo,Tarjeta de crédito
461,'{""CreditCard"":{""CardNumber"":180013598002272,""CVV"":272,""Vencimiento"":""04/21""}}',Inactivo,Tarjeta de crédito
462,'{""CreditCard"":{""CardNumber"":180049781469555,""CVV"":555,""Vencimiento"":""04/21""}}',Inactivo,Tarjeta de crédito
463,'{""CreditCard"":{""CardNumber"":180038943186843,""CVV"":843,""Vencimiento"":""04/21""}}',Activo,Tarjeta de crédito
464,'{""CreditCard"":{""CardNumber"":180003137786592,""CVV"":592,""Vencimiento"":""04/21""}}',Inactivo,Tarjeta de crédito
465,'{""CreditCard"":{""CardNumber"":180081083797516,""CVV"":516,""Vencimiento"":""04/21""}}',Activo,Tarjeta de crédito
466,'{""CreditCard"":{""CardNumber"":180089858597060,""CVV"":48,""Vencimiento"":""04/21""}}',Inactivo,Tarjeta de crédito
467,'{""CreditCard"":{""CardNumber"":210076900517281,""CVV"":281,""Vencimiento"":""04/21""}}',Activo,Tarjeta de crédito
468,'{""CreditCard"":{""CardNumber"":180037515710931,""CVV"":931,""Vencimiento"":""04/21""}}',Activo,Tarjeta de crédito
469,'{""CreditCard"":{""CardNumber"":210081275851562,""CVV"":562,""Vencimiento"":""04/21""}}',Activo,Tarjeta de crédito
470,'{""CreditCard"":{""CardNumber"":180065762002454,""CVV"":454,""Vencimiento"":""04/21""}}',Inactivo,Tarjeta de crédito
471,'{""CreditCard"":{""CardNumber"":210064178146231,""CVV"":231,""Vencimiento"":""04/21""}}',Activo,Tarjeta de crédito
472,'{""CreditCard"":{""CardNumber"":180092893523778,""CVV"":778,""Vencimiento"":""04/21""}}',Activo,Tarjeta de crédito
473,'{""CreditCard"":{""CardNumber"":210073583249522,""CVV"":522,""Vencimiento"":""04/21""}}',Activo,Tarjeta de crédito
474,'{""CreditCard"":{""CardNumber"":180065827429528,""CVV"":528,""Vencimiento"":""04/21""}}',Inactivo,Tarjeta de crédito
475,'{""CreditCard"":{""CardNumber"":210037358764486,""CVV"":486,""Vencimiento"":""04/21""}}',Inactivo,Tarjeta de crédito
476,'{""CreditCard"":{""CardNumber"":180043119213389,""CVV"":389,""Vencimiento"":""04/21""}}',Inactivo,Tarjeta de crédito
477,'{""CreditCard"":{""CardNumber"":210032257254986,""CVV"":986,""Vencimiento"":""04/21""}}',Activo,Tarjeta de crédito
478,'{""CreditCard"":{""CardNumber"":210007540383164,""CVV"":164,""Vencimiento"":""04/21""}}',Inactivo,Tarjeta de crédito
479,'{""CreditCard"":{""CardNumber"":210039345076610,""CVV"":610,""Vencimiento"":""04/21""}}',Activo,Tarjeta de crédito
480,'{""CreditCard"":{""CardNumber"":180033261291119,""CVV"":119,""Vencimiento"":""04/21""}}',Inactivo,Tarjeta de crédito
481,'{""CreditCard"":{""CardNumber"":210056849443211,""CVV"":211,""Vencimiento"":""04/21""}}',Activo,Tarjeta de crédito
482,'{""CreditCard"":{""CardNumber"":210060546166695,""CVV"":695,""Vencimiento"":""04/21""}}',Inactivo,Tarjeta de crédito
483,'{""CreditCard"":{""CardNumber"":210005879407745,""CVV"":745,""Vencimiento"":""04/21""}}',Inactivo,Tarjeta de crédito
484,'{""CreditCard"":{""CardNumber"":210060379787880,""CVV"":880,""Vencimiento"":""04/21""}}',Inactivo,Tarjeta de crédito
485,'{""CreditCard"":{""CardNumber"":180063409861317,""CVV"":317,""Vencimiento"":""04/21""}}',Activo,Tarjeta de crédito
486,'{""CreditCard"":{""CardNumber"":180012499705694,""CVV"":694,""Vencimiento"":""04/21""}}',Activo,Tarjeta de crédito
487,'{""CreditCard"":{""CardNumber"":210045057081201,""CVV"":201,""Vencimiento"":""04/21""}}',Activo,Tarjeta de crédito
488,'{""CreditCard"":{""CardNumber"":210065626794951,""CVV"":951,""Vencimiento"":""04/21""}}',Inactivo,Tarjeta de crédito
489,'{""CreditCard"":{""CardNumber"":180046168599137,""CVV"":137,""Vencimiento"":""04/21""}}',Inactivo,Tarjeta de crédito
490,'{""CreditCard"":{""CardNumber"":210052937370309,""CVV"":309,""Vencimiento"":""04/21""}}',Activo,Tarjeta de crédito
491,'{""CreditCard"":{""CardNumber"":180013860453021,""CVV"":17,""Vencimiento"":""04/21""}}',Inactivo,Tarjeta de crédito
492,'{""CreditCard"":{""CardNumber"":210008930122691,""CVV"":691,""Vencimiento"":""04/21""}}',Activo,Tarjeta de crédito
493,'{""CreditCard"":{""CardNumber"":180084848291205,""CVV"":205,""Vencimiento"":""04/21""}}',Activo,Tarjeta de crédito
494,'{""CreditCard"":{""CardNumber"":210068324830663,""CVV"":663,""Vencimiento"":""04/21""}}',Inactivo,Tarjeta de crédito
495,'{""CreditCard"":{""CardNumber"":180040896326152,""CVV"":152,""Vencimiento"":""04/21""}}',Activo,Tarjeta de crédito
496,'{""CreditCard"":{""CardNumber"":210063254673696,""CVV"":696,""Vencimiento"":""04/21""}}',Activo,Tarjeta de crédito
497,'{""CreditCard"":{""CardNumber"":180033885088040,""CVV"":32,""Vencimiento"":""04/21""}}',Inactivo,Tarjeta de crédito
498,'{""CreditCard"":{""CardNumber"":210078419231420,""CVV"":420,""Vencimiento"":""04/21""}}',Activo,Tarjeta de crédito
499,'{""CreditCard"":{""CardNumber"":180029577222376,""CVV"":376,""Vencimiento"":""04/21""}}',Inactivo,Tarjeta de crédito
500,'{""CreditCard"":{""CardNumber"":210067615183980,""CVV"":980,""Vencimiento"":""04/21""}}',Inactivo,Tarjeta de crédito
501,'{""CreditCard"":{""CardNumber"":210084047709613,""CVV"":613,""Vencimiento"":""04/21""}}',Inactivo,Tarjeta de crédito
502,'{""CreditCard"":{""CardNumber"":180059303342313,""CVV"":313,""Vencimiento"":""04/21""}}',Activo,Tarjeta de crédito
503,'{""CreditCard"":{""CardNumber"":210087305150594,""CVV"":594,""Vencimiento"":""04/21""}}',Activo,Tarjeta de crédito
504,'{""CreditCard"":{""CardNumber"":180034684490221,""CVV"":221,""Vencimiento"":""04/21""}}',Inactivo,Tarjeta de crédito
505,'{""CreditCard"":{""CardNumber"":210081478714575,""CVV"":575,""Vencimiento"":""04/21""}}',Inactivo,Tarjeta de crédito
506,'{""CreditCard"":{""CardNumber"":180004668141595,""CVV"":595,""Vencimiento"":""04/21""}}',Activo,Tarjeta de crédito
507,'{""CreditCard"":{""CardNumber"":180054254763716,""CVV"":716,""Vencimiento"":""04/21""}}',Activo,Tarjeta de crédito
508,'{""CreditCard"":{""CardNumber"":210078061693497,""CVV"":497,""Vencimiento"":""04/21""}}',Inactivo,Tarjeta de crédito
509,'{""CreditCard"":{""CardNumber"":180001223166851,""CVV"":851,""Vencimiento"":""04/21""}}',Activo,Tarjeta de crédito
510,'{""CreditCard"":{""CardNumber"":210086056676237,""CVV"":237,""Vencimiento"":""04/21""}}',Inactivo,Tarjeta de crédito
511,'{""CreditCard"":{""CardNumber"":180006269388319,""CVV"":319,""Vencimiento"":""04/21""}}',Activo,Tarjeta de crédito
512,'{""CreditCard"":{""CardNumber"":180066792505201,""CVV"":201,""Vencimiento"":""04/21""}}',Inactivo,Tarjeta de crédito
513,'{""CreditCard"":{""CardNumber"":210069810620022,""CVV"":18,""Vencimiento"":""04/21""}}',Activo,Tarjeta de crédito
514,'{""CreditCard"":{""CardNumber"":210072495638178,""CVV"":178,""Vencimiento"":""04/21""}}',Inactivo,Tarjeta de crédito
515,'{""CreditCard"":{""CardNumber"":210005921141219,""CVV"":219,""Vencimiento"":""04/21""}}',Inactivo,Tarjeta de crédito
516,'{""CreditCard"":{""CardNumber"":210012402163696,""CVV"":696,""Vencimiento"":""04/21""}}',Inactivo,Tarjeta de crédito
517,'{""CreditCard"":{""CardNumber"":180012052513410,""CVV"":410,""Vencimiento"":""04/21""}}',Activo,Tarjeta de crédito
518,'{""CreditCard"":{""CardNumber"":210045524279479,""CVV"":479,""Vencimiento"":""04/21""}}',Inactivo,Tarjeta de crédito
519,'{""CreditCard"":{""CardNumber"":210065632733399,""CVV"":399,""Vencimiento"":""04/21""}}',Activo,Tarjeta de crédito
520,'{""CreditCard"":{""CardNumber"":210094563195378,""CVV"":378,""Vencimiento"":""04/21""}}',Activo,Tarjeta de crédito
521,'{""CreditCard"":{""CardNumber"":210051233620946,""CVV"":946,""Vencimiento"":""04/21""}}',Inactivo,Tarjeta de crédito
522,'{""CreditCard"":{""CardNumber"":180068223389627,""CVV"":627,""Vencimiento"":""04/21""}}',Inactivo,Tarjeta de crédito
523,'{""CreditCard"":{""CardNumber"":180008512455929,""CVV"":929,""Vencimiento"":""04/21""}}',Activo,Tarjeta de crédito
524,'{""CreditCard"":{""CardNumber"":180047039306306,""CVV"":306,""Vencimiento"":""04/21""}}',Inactivo,Tarjeta de crédito
525,'{""CreditCard"":{""CardNumber"":180012795395299,""CVV"":299,""Vencimiento"":""04/21""}}',Activo,Tarjeta de crédito
526,'{""CreditCard"":{""CardNumber"":180097516783253,""CVV"":253,""Vencimiento"":""04/21""}}',Inactivo,Tarjeta de crédito
527,'{""CreditCard"":{""CardNumber"":210040538603558,""CVV"":558,""Vencimiento"":""04/21""}}',Inactivo,Tarjeta de crédito
528,'{""CreditCard"":{""CardNumber"":180016670293321,""CVV"":321,""Vencimiento"":""04/21""}}',Inactivo,Tarjeta de crédito
529,'{""CreditCard"":{""CardNumber"":180015498785682,""CVV"":682,""Vencimiento"":""04/21""}}',Activo,Tarjeta de crédito
530,'{""CreditCard"":{""CardNumber"":180092909999707,""CVV"":707,""Vencimiento"":""04/21""}}',Activo,Tarjeta de crédito
531,'{""CreditCard"":{""CardNumber"":180005546770620,""CVV"":620,""Vencimiento"":""04/21""}}',Activo,Tarjeta de crédito
532,'{""CreditCard"":{""CardNumber"":210022036200855,""CVV"":855,""Vencimiento"":""04/21""}}',Inactivo,Tarjeta de crédito
533,'{""CreditCard"":{""CardNumber"":180025271942178,""CVV"":178,""Vencimiento"":""04/21""}}',Inactivo,Tarjeta de crédito
534,'{""CreditCard"":{""CardNumber"":210081147030551,""CVV"":551,""Vencimiento"":""04/21""}}',Inactivo,Tarjeta de crédito
535,'{""CreditCard"":{""CardNumber"":210053744453825,""CVV"":825,""Vencimiento"":""04/21""}}',Inactivo,Tarjeta de crédito
536,'{""CreditCard"":{""CardNumber"":210006063688223,""CVV"":223,""Vencimiento"":""04/21""}}',Activo,Tarjeta de crédito
537,'{""CreditCard"":{""CardNumber"":210025022848942,""CVV"":942,""Vencimiento"":""04/21""}}',Inactivo,Tarjeta de crédito
538,'{""CreditCard"":{""CardNumber"":210083092251992,""CVV"":992,""Vencimiento"":""04/21""}}',Activo,Tarjeta de crédito
539,'{""CreditCard"":{""CardNumber"":180076138034774,""CVV"":774,""Vencimiento"":""04/21""}}',Activo,Tarjeta de crédito
540,'{""CreditCard"":{""CardNumber"":210081277029308,""CVV"":308,""Vencimiento"":""04/21""}}',Activo,Tarjeta de crédito
541,'{""CreditCard"":{""CardNumber"":180056318751272,""CVV"":272,""Vencimiento"":""04/21""}}',Inactivo,Tarjeta de crédito
542,'{""CreditCard"":{""CardNumber"":180067893850355,""CVV"":355,""Vencimiento"":""04/21""}}',Activo,Tarjeta de crédito
543,'{""CreditCard"":{""CardNumber"":180099389199328,""CVV"":328,""Vencimiento"":""04/21""}}',Activo,Tarjeta de crédito
544,'{""CreditCard"":{""CardNumber"":210030399847543,""CVV"":543,""Vencimiento"":""04/21""}}',Inactivo,Tarjeta de crédito
545,'{""CreditCard"":{""CardNumber"":210064303061677,""CVV"":677,""Vencimiento"":""04/21""}}',Inactivo,Tarjeta de crédito
546,'{""CreditCard"":{""CardNumber"":180018631387416,""CVV"":416,""Vencimiento"":""04/21""}}',Inactivo,Tarjeta de crédito
547,'{""CreditCard"":{""CardNumber"":210045934712853,""CVV"":853,""Vencimiento"":""04/21""}}',Inactivo,Tarjeta de crédito
548,'{""CreditCard"":{""CardNumber"":210035444854014,""CVV"":12,""Vencimiento"":""04/21""}}',Activo,Tarjeta de crédito
549,'{""CreditCard"":{""CardNumber"":180061127663304,""CVV"":304,""Vencimiento"":""04/21""}}',Activo,Tarjeta de crédito
550,'{""CreditCard"":{""CardNumber"":210081454176203,""CVV"":203,""Vencimiento"":""04/21""}}',Inactivo,Tarjeta de crédito
551,'{""CreditCard"":{""CardNumber"":180075885769012,""CVV"":10,""Vencimiento"":""04/21""}}',Activo,Tarjeta de crédito
552,'{""CreditCard"":{""CardNumber"":180075330473533,""CVV"":533,""Vencimiento"":""04/21""}}',Activo,Tarjeta de crédito
553,'{""CreditCard"":{""CardNumber"":210039493043859,""CVV"":859,""Vencimiento"":""04/21""}}',Inactivo,Tarjeta de crédito
554,'{""CreditCard"":{""CardNumber"":210071633650921,""CVV"":921,""Vencimiento"":""04/21""}}',Activo,Tarjeta de crédito
555,'{""CreditCard"":{""CardNumber"":180045888976120,""CVV"":120,""Vencimiento"":""04/21""}}',Activo,Tarjeta de crédito
556,'{""CreditCard"":{""CardNumber"":210077885362180,""CVV"":180,""Vencimiento"":""04/21""}}',Inactivo,Tarjeta de crédito
557,'{""CreditCard"":{""CardNumber"":210024230790590,""CVV"":590,""Vencimiento"":""04/21""}}',Inactivo,Tarjeta de crédito
558,'{""CreditCard"":{""CardNumber"":180054210965934,""CVV"":934,""Vencimiento"":""04/21""}}',Inactivo,Tarjeta de crédito
559,'{""CreditCard"":{""CardNumber"":210095654656970,""CVV"":970,""Vencimiento"":""04/21""}}',Activo,Tarjeta de crédito
560,'{""CreditCard"":{""CardNumber"":210012107742562,""CVV"":562,""Vencimiento"":""04/21""}}',Inactivo,Tarjeta de crédito
561,'{""CreditCard"":{""CardNumber"":180077135895589,""CVV"":589,""Vencimiento"":""04/21""}}',Activo,Tarjeta de crédito
562,'{""CreditCard"":{""CardNumber"":180040622832358,""CVV"":358,""Vencimiento"":""04/21""}}',Inactivo,Tarjeta de crédito
563,'{""CreditCard"":{""CardNumber"":210067860016745,""CVV"":745,""Vencimiento"":""04/21""}}',Inactivo,Tarjeta de crédito
564,'{""CreditCard"":{""CardNumber"":180082651460396,""CVV"":396,""Vencimiento"":""04/21""}}',Inactivo,Tarjeta de crédito
565,'{""CreditCard"":{""CardNumber"":210076803199344,""CVV"":344,""Vencimiento"":""04/21""}}',Activo,Tarjeta de crédito
566,'{""CreditCard"":{""CardNumber"":210040022774337,""CVV"":337,""Vencimiento"":""04/21""}}',Activo,Tarjeta de crédito
567,'{""CreditCard"":{""CardNumber"":210016065196091,""CVV"":91,""Vencimiento"":""04/21""}}',Activo,Tarjeta de crédito
568,'{""CreditCard"":{""CardNumber"":210086505092739,""CVV"":739,""Vencimiento"":""04/21""}}',Activo,Tarjeta de crédito
569,'{""CreditCard"":{""CardNumber"":210066213083907,""CVV"":907,""Vencimiento"":""04/21""}}',Activo,Tarjeta de crédito
570,'{""CreditCard"":{""CardNumber"":180044856959390,""CVV"":390,""Vencimiento"":""04/21""}}',Inactivo,Tarjeta de crédito
571,'{""CreditCard"":{""CardNumber"":180023081191409,""CVV"":409,""Vencimiento"":""04/21""}}',Activo,Tarjeta de crédito
572,'{""CreditCard"":{""CardNumber"":180010589219840,""CVV"":840,""Vencimiento"":""04/21""}}',Inactivo,Tarjeta de crédito
573,'{""CreditCard"":{""CardNumber"":180036910191168,""CVV"":168,""Vencimiento"":""04/21""}}',Inactivo,Tarjeta de crédito
574,'{""CreditCard"":{""CardNumber"":180064373377975,""CVV"":975,""Vencimiento"":""04/21""}}',Activo,Tarjeta de crédito
575,'{""CreditCard"":{""CardNumber"":210050516739613,""CVV"":613,""Vencimiento"":""04/21""}}',Inactivo,Tarjeta de crédito
576,'{""CreditCard"":{""CardNumber"":180023604092399,""CVV"":399,""Vencimiento"":""04/21""}}',Inactivo,Tarjeta de crédito
577,'{""CreditCard"":{""CardNumber"":210055968963777,""CVV"":777,""Vencimiento"":""04/21""}}',Activo,Tarjeta de crédito
578,'{""CreditCard"":{""CardNumber"":180023530769722,""CVV"":722,""Vencimiento"":""04/21""}}',Activo,Tarjeta de crédito
579,'{""CreditCard"":{""CardNumber"":210034622608813,""CVV"":813,""Vencimiento"":""04/21""}}',Inactivo,Tarjeta de crédito
580,'{""CreditCard"":{""CardNumber"":180041642173021,""CVV"":17,""Vencimiento"":""04/21""}}',Activo,Tarjeta de crédito
581,'{""CreditCard"":{""CardNumber"":210097662501941,""CVV"":941,""Vencimiento"":""04/21""}}',Activo,Tarjeta de crédito
582,'{""CreditCard"":{""CardNumber"":210075390624987,""CVV"":987,""Vencimiento"":""04/21""}}',Activo,Tarjeta de crédito
583,'{""CreditCard"":{""CardNumber"":210064279723250,""CVV"":250,""Vencimiento"":""04/21""}}',Inactivo,Tarjeta de crédito
584,'{""CreditCard"":{""CardNumber"":180072146904256,""CVV"":256,""Vencimiento"":""04/21""}}',Inactivo,Tarjeta de crédito
585,'{""CreditCard"":{""CardNumber"":180002237679418,""CVV"":418,""Vencimiento"":""04/21""}}',Activo,Tarjeta de crédito
586,'{""CreditCard"":{""CardNumber"":210003307759951,""CVV"":951,""Vencimiento"":""04/21""}}',Inactivo,Tarjeta de crédito
587,'{""CreditCard"":{""CardNumber"":180074886416624,""CVV"":624,""Vencimiento"":""04/21""}}',Inactivo,Tarjeta de crédito
588,'{""CreditCard"":{""CardNumber"":210042623011747,""CVV"":747,""Vencimiento"":""04/21""}}',Activo,Tarjeta de crédito
589,'{""CreditCard"":{""CardNumber"":180046499246374,""CVV"":374,""Vencimiento"":""04/21""}}',Activo,Tarjeta de crédito
590,'{""CreditCard"":{""CardNumber"":180051493830314,""CVV"":314,""Vencimiento"":""04/21""}}',Inactivo,Tarjeta de crédito
591,'{""CreditCard"":{""CardNumber"":180039033245101,""CVV"":101,""Vencimiento"":""04/21""}}',Activo,Tarjeta de crédito
592,'{""CreditCard"":{""CardNumber"":180092465476199,""CVV"":199,""Vencimiento"":""04/21""}}',Activo,Tarjeta de crédito
593,'{""CreditCard"":{""CardNumber"":180033287232097,""CVV"":97,""Vencimiento"":""04/21""}}',Inactivo,Tarjeta de crédito
594,'{""CreditCard"":{""CardNumber"":180093883508704,""CVV"":704,""Vencimiento"":""04/21""}}',Inactivo,Tarjeta de crédito
595,'{""CreditCard"":{""CardNumber"":180016128871223,""CVV"":223,""Vencimiento"":""04/21""}}',Activo,Tarjeta de crédito
596,'{""CreditCard"":{""CardNumber"":180011442419114,""CVV"":114,""Vencimiento"":""04/21""}}',Inactivo,Tarjeta de crédito
597,'{""CreditCard"":{""CardNumber"":210085370959667,""CVV"":667,""Vencimiento"":""04/21""}}',Inactivo,Tarjeta de crédito
598,'{""CreditCard"":{""CardNumber"":180054519600554,""CVV"":554,""Vencimiento"":""04/21""}}',Inactivo,Tarjeta de crédito
599,'{""CreditCard"":{""CardNumber"":180066571529315,""CVV"":315,""Vencimiento"":""04/21""}}',Activo,Tarjeta de crédito
600,'{""CreditCard"":{""CardNumber"":180037958398897,""CVV"":897,""Vencimiento"":""04/21""}}',Inactivo,Tarjeta de crédito
